text,intent,target,metadata
Thư viện nay mở cửa đến mấy giờ z,facility_query,library,
thông tin phòng công tác sinh viên,facility_query,room_pctsv,
tv toà nhà điều hành đóng cửa chưa,facility_query,library,
Căn tin toà A bán đồ ăn sáng tới mấy h v,facility_query,canteen,
phòng tập gym sv còn hđộng k,facility_query,stadium,
p. y tế toà E nay có bác sĩ không,facility_query,room_medical,
bãi xe sv toà C nay đông k m.n,facility_query,parking,
trường mình có chỗ nào ngủ trưa hong,facility_query,room_resting,
pdt trường mình làm việc thứ 7 ko ta,facility_query,room_pdt,
phòng ctsv có nghỉ trưa ko,facility_query,room_pctsv,
Toà F nay có cúp điện ko,facility_query,building,
mượn sách trên thư viện thì thủ tục s ạ,facility_query,library,
căn tin có bán đồ ăn vặt ko m.n,facility_query,canteen,
đky gym trường cần những gì dợ,facility_query,stadium,
đau bụng quá xuống y tế xin thuốc dc k,facility_query,room_medical,
nhà xe toà B mấy h khoá cửa zậy,facility_query,parking,
trưa e muốn ở lại trường thì có phòng nghỉ nào đk,facility_query,room_resting,
thư viện có cho mang ly nước vô k z,facility_query,library,
cantin toà C bao nhiêu tiền 1 dĩa cơm,facility_query,canteen,
sv năm 1 có dc đky phòng gym k,facility_query,stadium,
y tế có giường cho nằm nghỉ xíu k ạ,facility_query,room_medical,
gữi xe toà d bn tiền 1 chiếc,facility_query,parking,
phòng tự học ở toà G có máy lạnh hong,facility_query,building,
phòng đào tạo có làm việc buổi trưa ko,facility_query,room_pdt,
pctsv chiều nay có mở cửa k,facility_query,room_pctsv,
thư zịêt còn chỗ trống hong mấy b,facility_query,library,
nay nhà ăn lầu 2 mở cửa ch,facility_query,canteen,
vé tháng phòng gym trg là bnhieu v ạ,facility_query,stadium,
bị cảm tui mún xin thuốc ở trg thì mua ở đâu dc,facility_query,room_medical,
trg có phòng relax mát mát để chợp mắt ko,facility_query,room_resting,
rút hồ sơ sv thì qua p. đào tạo toà nào hỗ trợ,facility_query,room_pdt,
hnay thư viện a mở tới 21h đko,facility_query,library,
nhà ăn nào ngon nhất zậy,facility_query,canteen,
ptap gym trường có hlv hông,facility_query,stadium,
p.y tế có thuốc giảm đau k ta,facility_query,room_medical,
phòng đt làm vc tới mấy h v mng,facility_query,room_pdt,
xin sđt của phòng ctsv,facility_query,room_pctsv,
toà D có thang máy ko z,facility_query,building,
trả sách trễ trên thư viện có bị phạt tiền hong,facility_query,library,
ơ căn tin toà e có bún bò k,facility_query,canteen,
giờ vàng gym trường h nào đông nhất,facility_query,stadium,
bị trầy tay xuống y tế sát trùng dc ko,facility_query,room_medical,
gửi xe máy qua đêm trong trg dc ko,facility_query,parking,
sảnh toà C có ghế sofa để ngủ trưa k,facility_query,building,
giờ làm vc pdt toà a,facility_query,room_pdt,
wifi thư viện bị rớt r pk m.n,facility_query,library,
câng tin E lầu 3 hết cơm chưa,facility_query,canteen,
h này phòng gym full chưa z,facility_query,stadium,
giờ mở cửa của p y tế,facility_query,room_medical,
đậu xe hơi trong khuôn viên trg có tốn phí k,facility_query,parking,
mệt quá có phòng nào cho sv vô nằm xíu k,facility_query,room_resting,
phòng ct sv có dịch vụ in ấn hk,facility_query,room_pctsv,
thư viện trg mình mượn sách về nhà dc mấy ngày,facility_query,library,
menu với giá đồ ăn canteen toà f,facility_query,canteen,
bãi xe sau lưng toà A 5h chiều còn nhận xe k,facility_query,parking,
đh mình có chỗ nghỉ trưa cho sv hk,facility_query,room_resting,
giờ tiếp sv của phòng công tác sv,facility_query,room_pctsv,
đky phòng họp nhóm trong thư viện kiểu j,facility_query,library,
canteen trg có mở buổi tối ko v,facility_query,canteen,
phòng tập gym có chỗ tắm k,facility_query,stadium,
có ai biết sđt cô y tế ko,facility_query,room_medical,
gởi gxe toà G nhiu tiền ad,facility_query,parking,
ngủ gục trên bàn ở thư viện bị la k,facility_query,library,
email hỗ trợ của ctsv là j,facility_query,room_pctsv,
trưa nay tv toà C có mở k,facility_query,library,
mua đồ căn tin quẹt thẻ dc hk,facility_query,canteen,
cần cấp cứu trog trg thì gọi số nào,facility_query,room_medical,
bãi giữ xe thông minh còn nhận xe ko,facility_query,parking,
wc toà B dơ k m.n,facility_query,room_toilet,
thư viện trg có máy in hk,facility_query,library,
nữ tập gym chung trg có ng ngại k ạ,facility_query,stadium,
p ytế có đo huyết áp k,facility_query,room_medical,
nhà xe có chỗ sạc xe đạp điện hk,facility_query,parking,
phòng nghỉ trưa có máy lạnh k ad,facility_query,room_resting,
thư viện toà a full chỗ r đúng k,facility_query,library,
phòng tự học toà d còn chỗ cắm điện ko,facility_query,building,
chiều nay nhà điều hành có cúp nước khong,facility_query,building,
căn tin bán cơm thêm bao nhiêu tiền,facility_query,canteen,
toà H có bao nhiêu tầng vậy,facility_query,building,
sân vận động nay có tổ chức giải k,facility_query,stadium,
mấy giờ sân bóng đóng cửa,facility_query,stadium,
tối nay toà b có sáng đèn ko,facility_query,building,
phòng máy tính ở thư viện xài free à,facility_query,library,
sinh viên năm cuối có đc miễn phí gym ko,facility_query,stadium,
phòng ctsv toà nhà điều hành ở lầu mấy,facility_query,room_pctsv,
chỗ nhà xe toà e có bảo vệ trực đêm k,facility_query,parking,
căn tin hnay có đổi menu k mng,facility_query,canteen,
cho hỏi toà G xây xong chưa v,facility_query,building,
phòng nghỉ trưa đóng cửa lúc mấy h,facility_query,room_resting,
y tế trường mình có bảo hiểm yt k,facility_query,room_medical,
hỏi về học phí thì phòng đào tạo giải quyết pk,facility_query,room_pdt,
bãi giữ xe sân banh có mái che hong,facility_query,parking,
thu vien co cho ngu trua khong,facility_query,library,
toa A hnay co mo cua khong,facility_query,building,
san van dong co cho thue da banh k,facility_query,stadium,
may h thi can tin het do an,facility_query,canteen,
truong co phong tu hoc 24/7 khong,facility_query,library,
p ctsv co lam viec sang thu 7 k,facility_query,room_pctsv,
nha dieu hanh co cho sv vao khong,facility_query,building,
phong y te co ban thuoc cam k,facility_query,room_medical,
thư viện còn sách triết học ko b,facility_query,library,
mai có môn nào phải học ko,academic_query,study_schedule,
lịch thi kì này khi nào có v,academic_query,exam_schedule,
cho e hỏi đkhp kì 2 bắt đầu từ ngày mấy,academic_query,course_registration,
môn xác suất thống kê bao nhiêu tín chỉ,academic_query,course_info,
thứ 3 tuần sau có học tiết thực hành ko,academic_query,study_schedule,
khi nào trường công bố thời khóa biểu chính thức,academic_query,study_schedule,
dkhp bị lỗi mạng r sao h,academic_query,course_registration,
môn cơ sở dữ liệu ai dạy vậy,academic_query,course_info,
thi cuối kỳ môn triết là trắc nghiệm hay tự luận,academic_query,exam_schedule,
tuần này có dc nghỉ học bù hong,academic_query,study_schedule,
lịch thi môn giải tích dời qua ngày nào r,academic_query,exam_schedule,
học phần này có bắt buộc ko,academic_query,course_info,
tối nay có tiết lý thuyết trên teams ko,academic_query,study_schedule,
khi nào hết hạn đăng ký môn học,academic_query,course_registration,
môn mạng máy tính học mấy chỉ,academic_query,course_info,
cho hỏi lịch học môn toán a1,academic_query,study_schedule,
rớt môn thì học lại vào kì nào,academic_query,course_registration,
lịch thi giữa kì có chưa ad,academic_query,exam_schedule,
cách huỷ học phần đã đăng ký,academic_query,course_registration,
tiết 1 bắt đầu lúc mấy giờ v,academic_query,study_time,
môn tiếng anh 2 học ở kì mấy là đúng tiến độ,academic_query,course_info,
đăng kí tín chỉ vượt quá số lượng cho phép thì sao,academic_query,course_registration,
tiết thực hành hoá học thứ mấy có,academic_query,study_schedule,
thời khóa biểu tuần sau có thay đổi gì k,academic_query,study_schedule,
môn này ko học có bị đuổi học k,academic_query,course_info,
lịch học bù môn thầy tùng vào ngày nào,academic_query,study_schedule,
mã học phần môn vật lý là gì,academic_query,course_info,
đky môn học chậm quá có sao khum,academic_query,course_registration,
cho mình xem lịch thi dự kiến đk ko,academic_query,exam_schedule,
thầy nào dạy cấu trúc dữ liệu tốt nhất,academic_query,course_info,
hạn chót nộp tiền học phí kì này là bh,academic_query,course_registration,
lịch thi tiếng anh đầu ra,academic_query,exam_schedule,
kéo dài thời gian dkhp đến bao giờ v,academic_query,course_registration,
số tiết vắng tối đa môn này là bnhieu,academic_query,course_info,
có được đăng ký 2 môn trùng giờ không,academic_query,course_registration,
điểm danh trễ 15p có bị tính vắng k,academic_query,course_info,
môn marketing căn bản tính điểm quá trình sao z,academic_query,course_info,
coi lịch thi học kì ở đâu v,academic_query,exam_schedule,
môn thực hành có bắt buộc mua giáo trình không,academic_query,course_info,
tuần sau nghỉ tết r đúng k,academic_query,study_schedule,
môn này có điều kiện tiên quyết là gì,academic_query,course_info,
đk học vượt đc bao nhiêu tín chỉ,academic_query,course_registration,
lịch thi có bị dời ko v,academic_query,exam_schedule,
xem tkb ở web nào vậy m.n,academic_query,study_schedule,
ai biết điểm qua môn của môn kinh tế vi mô k,academic_query,course_info,
muốn đổi nhóm thực hành có đc ko,academic_query,course_registration,
đkhp bị full lớp r thì phải làm s,academic_query,course_registration,
mai off môn tư tưởng pk mng,academic_query,study_schedule,
kì hè có mở môn trí tuệ nhân tạo ko,academic_query,course_registration,
lịch học anh văn giao tiếp của khoá 20,academic_query,study_schedule,
kiểm tra giữa kì dời sang tuần mấy v,academic_query,exam_schedule,
cách xem mã lớp học phần,academic_query,course_info,
có bị cấm thi nếu vắng quá 3 buổi ko,academic_query,exam_schedule,
khoa luật đăng ký môn ngày nào,academic_query,course_registration,
thời khoá biểu t tkb_hocky1 file pdf tải ở đâu,academic_query,study_schedule,
môn thể dục có học bơi ko,academic_query,course_info,
tại sao ko đăng ký đc môn tự chọn,academic_query,course_registration,
tiết 10 mấy giờ ra chơi z,academic_query,study_time,
bao giờ thì chốt danh sách thi v,academic_query,exam_schedule,
co dc dang ky mon ngoai chuong trinh k,academic_query,course_registration,
lich hoc ngay mai co thay doi gi k,academic_query,study_schedule,
thi tự luận hay trắc nghiệm dợ,academic_query,exam_schedule,
mon nay hoc may buoi 1 tuan,academic_query,study_schedule,
lich thi cuoi ky khi nao co zay,academic_query,exam_schedule,
thoi gian mo he thong dkhp la may gio,academic_query,course_registration,
để qua môn thì điểm tổng kết phải bao nhiêu,academic_query,course_info,
học bổng xét mấy tín chỉ v,academic_query,course_info,
rớt thực hành có đc thi lý thuyết ko,academic_query,exam_schedule,
lịch nghỉ lễ 30/4 có chưa ad,academic_query,study_schedule,
tuần lễ hội nhập khóa mới có tkb ko,academic_query,study_schedule,
học bù ngày chủ nhật tính vào tuần mấy,academic_query,study_schedule,
chuyên ngành phần mềm phải học những môn nào,academic_query,course_info,
xem lịch thi anh văn xếp lớp,academic_query,exam_schedule,
điều kiện học môn đồ án tốt nghiệp,academic_query,course_info,
bao giờ có điểm thi môn toán cao cấp,academic_query,exam_schedule,
đkhp đợt 2 cho sv năm mấy,academic_query,course_registration,
hệ thống dkhp sập r à,academic_query,course_registration,
số lượng sinh viên tối đa của lớp này,academic_query,course_registration,
lớp tín chỉ bị hủy thì làm sao,academic_query,course_registration,
làm sao để biết môn nào học online hay offline,academic_query,study_schedule,
thay đổi lịch thực hành dkhp,academic_query,course_registration,
muốn phúc khảo điểm thi thì bao lâu có kết quả,academic_query,exam_schedule,
có dc rớt môn tiên quyết k,academic_query,course_info,
môn này có làm tiểu luận nhóm ko,academic_query,course_info,
có đc huỷ môn ko hoàn học phí k,academic_query,course_registration,
khoá cũ học lại chung với khoá mới dc k,academic_query,course_registration,
xem điểm danh tkb môn tiếng anh,academic_query,study_schedule,
giảng viên môn luật đại cương tên gì,academic_query,course_info,
điều kiện điểm danh để thi cuối kỳ,academic_query,course_info,
khi nào bắt đầu học kỳ 2 v,academic_query,study_schedule,
dang ky hoc lai the nao a,academic_query,course_registration,
mon the duc co can mua dong phuc khong,academic_query,course_info,
lich thi hoc ky 3 co chua mng,academic_query,exam_schedule,
khi nao truong cho xem diem mon triet,academic_query,exam_schedule,
muon xem chuong trinh dao tao nganh ke toan,academic_query,course_info,
so tin chi bat buoc la bao nhieu,academic_query,course_info,
nhắc tui 3h chiều nay đi họp nhóm nha,schedule_management,,
thêm lịch ăn trưa lúc 12h vô calender dùm,schedule_management,,
ngày mai t có lịch trống nào không,schedule_management,,
xoá cái event tập gym chiều nay đi,schedule_management,,
dời lịch hẹn chiều nay sang sáng mai dc k,schedule_management,,
hôm nay lịch trình của tui có gì dợ,schedule_management,,
nhớ nhắc tao uống nước lúc 9h sáng,schedule_management,,
cập nhật lịch đá banh sang 5h chiều nay,schedule_management,,
thêm vô lịch lúc 10h tối đi ngủ,schedule_management,,
chủ nhật tui có rảnh khoảng nào k,schedule_management,,
tạo cho mình cái nhắc nhở làm bài tập về nhà,schedule_management,,
bỏ lịch học tiếng anh 8h tối nay nhe,schedule_management,,
xem lại lịch trình tuần sau coi có event nào k,schedule_management,,
set lịch hẹn đi cf với bồ vào thứ 7,schedule_management,,
14h hôm nay t có bị kẹt lịch gì ko,schedule_management,,
lên kế hoạch ôn thi từ thứ 2 tới thứ 6 giùm tui,schedule_management,,
sửa tên sự kiện này thành họp clb báo chí,schedule_management,,
thêm lịch hẹn đi ăn thịt nướng ở Gogi nha,schedule_management,,
hôm nay ngày mấy lịch tao rảnh không,schedule_management,,
nhắc đi lấy hàng shopee lúc 4h,schedule_management,,
lưu lại lịch ghé siêu thị lúc tan học,schedule_management,,
có thể dời lịch ăn tối nay xuốn 8h khum,schedule_management,,
cuối tuần này lịch tao sao r,schedule_management,,
xoá bỏ hết lịch trình ngày mai đi,schedule_management,,
hẹn giờ 7h sáng dậy tập thể dục,schedule_management,,
ghi lại 15h chiều nay phải nộp deadline,schedule_management,,
nhắc tui 10p nữa xuống lấy đồ ăn,schedule_management,,
thêm vào thời khoá biểu cá nhân môn tự học 20h,schedule_management,,
chỉnh lại lịch xem phim là ngày 20 nha,schedule_management,,
thứ 4 t rảnh buổi sáng k,schedule_management,,
đặt lịch nghỉ ngơi 30p vào buổi trưa,schedule_management,,
lịch của t ngày mai có dính lịch học ko,schedule_management,,
nhắc tui mượn sách vào thứ 3 nha,schedule_management,,
xem giùm sáng mai có bận ko,schedule_management,,
thêm plan đi du lịch đà lạt vào cuối tháng,schedule_management,,
hủy lịch họp team tối nay nhé bot,schedule_management,,
dời cái deadline này qua thứ 6,schedule_management,,
lên lịch đi thư viện lúc 14h,schedule_management,,
tạo nhắc nhở mua giáo trình lúc 5pm,schedule_management,,
xem lại planner của tháng này,schedule_management,,
ngày mốt t có plan gì chưa,schedule_management,,
nhắc đi sinh nhật bạn lúc 18h t7,schedule_management,,
note lại lịch dọn nhà cuối tuần nha,schedule_management,,
thêm lịch đi khám bệnh sáng mai,schedule_management,,
xóa lịch đi bơi hôm chủ nhật,schedule_management,,
cho tôi coi kế hoạch ngày nay,schedule_management,,
chuyển event này qua tuần sau đc khong,schedule_management,,
báo thức t 8h dậy học bài,schedule_management,,
đưa hoạt động chạy bộ vào mỗi buổi sáng,schedule_management,,
chiều thứ 6 tui rảnh k ta,schedule_management,,
xóa nhắc nhở uống thuốc đi,schedule_management,,
lưu lịch ăn cưới bạn lúc 11h cn,schedule_management,,
xem lịch làm việc cá nhân của t,schedule_management,,
nhắc t đóng tiền nhà vào ngày 5 hàng tháng,schedule_management,,
hôm nay có công việc gì cần làm k,schedule_management,,
đặt lịch đi chơi bida với lũ bạn,schedule_management,,
sửa giờ bắt đầu thành 13h chiều,schedule_management,,
dời lịch học nhóm từ thứ 2 sang thứ 3,schedule_management,,
hủy cái lịch hẹn ăn sáng với cường,schedule_management,,
thêm ghi chú đi mua đồ dùng học tập,schedule_management,,
đặt lời nhắc lúc 11h trưa nay ăn cơm,schedule_management,,
có lịch gì quan trọng tuần này hong,schedule_management,,
tao rảnh giờ nào chiều nay,schedule_management,,
lưu lịch học tiếng nhật thứ 246,schedule_management,,
nhac tui 8h dang ky tin chi nha,schedule_management,,
them lich di uong tra sua luc 19h,schedule_management,,
xoa cai nhac nho 5h sang giup t,schedule_management,,
doi lich xem phim qua chu nhat nha,schedule_management,,
xem lich ca nhan hom nay,schedule_management,,
chu nhat co ban gi ko tui nhi,schedule_management,,
tao event moi di xem ca nhac,schedule_management,,
nhac minh goi dien cho me luc 9h toi,schedule_management,,
lich trinh cua tui ngay mai ra sao,schedule_management,,
cho toi them lich hop cau lac bo,schedule_management,,
xoá cái sự kiện nhảm nhí này đi,schedule_management,,
dời cục họp này tới khi nào t rảnh,schedule_management,,
thêm hđ ngủ trưa vào lịch hằng ngày,schedule_management,,
chiều nay mấy giờ rảnh để chơi game,schedule_management,,
đặt lịch tự học tiếng anh trên mạng lúc 21h,schedule_management,,
nhắc đóng học phí lúc 10h sáng mai nha,schedule_management,,
kiểm tra xem lịch cuối tuần có kẹt ko,schedule_management,,
huỷ cuộc họp lúc 3h chiều,schedule_management,,
thêm lịch đi làm part time từ 5h chiều,schedule_management,,
lưu lại lịch đón em gái lúc 4h rưỡi,schedule_management,,
xem to do list hôm nay có gì,schedule_management,,
nhắc tao trả sách thư viện vào thứ 4,schedule_management,,
dời việc nộp báo cáo sang tuần sau,schedule_management,,
thêm đi mua sắm dzo lịch thứ bẩy,schedule_management,,
coi giùm t tối t7 có rảnh hk,schedule_management,,
xóa plan đi net chìu nay,schedule_management,,
lưu lịch nhậu với xóm trọ tối mai,schedule_management,,
tạo 1 cái event nguyên ngày mai đi chơi,schedule_management,,
nhắc mang laptop sạc lúc 7h,schedule_management,,
check xem t3 tuần sau có lịch hẹn chưa,schedule_management,,
đổi lịch bảo trì xe máy sang ngày mai,schedule_management,,
nhắc ăn nhẹ lúc 3h chiều,schedule_management,,
cho cái lịch học guitar vào t7,schedule_management,,
ngày mai có event nào ko m,schedule_management,,
xóa nhắc nhở này nha,schedule_management,,
thay thời gian cái này thành 12h khuya đi,schedule_management,,
em muốn xin giấy xác nhận sv thì làm sao,document_service,student_certificate,
thủ tục rút bảng điểm tiếng anh ntn,document_service,academic_transcript,
có xin bảng điểm rèn luyện online dc k,document_service,activities_transcript,
làm lại thẻ sinh viên tốn bao nhiêu tiền,document_service,procedure_request,
đăng ký giấy tờ sv bao lâu thì có,document_service,student_certificate,
cách xin cấp giấy chứng nhận sinh viên tạm thời,document_service,student_certificate,
nộp đơn xin bảo lưu kết quả học tập ở đâu,document_service,procedure_request,
cấp lại bảng điểm học kì 1 thì điền form nào,document_service,academic_transcript,
muốn lấy bảng điểm toàn khóa để đi làm thủ tục sao,document_service,academic_transcript,
xin giấy hoãn nghĩa vụ quân sự ntn v ạ,document_service,procedure_request,
thủ tục xin cấp lại mật khẩu email sv,document_service,procedure_request,
mất biên lai học phí xin cấp lại đc ko,document_service,procedure_request,
làm sao để có giấy giới thiệu thực tập,document_service,procedure_request,
xin cấp giấy chứng nhận tốt nghiệp tạm thời,document_service,procedure_request,
chi phí in bảng điểm hệ số 4 là nhiêu,document_service,academic_transcript,
giấy vay vốn ngân hàng chính sách cho sv xin ở đâu,document_service,procedure_request,
đăng kí giấy xnsv để mua vé tháng xe bus,document_service,student_certificate,
xin giấy chứng nhận mồ côi để giảm học phí,document_service,procedure_request,
có đc xin bảng điểm bằng tiếng anh ko,document_service,academic_transcript,
đóng dấu giáp lai vào bảng điểm rèn luyện ở đâu,document_service,activities_transcript,
làm thẻ sv liên kết ngân hàng mất bao lâu,document_service,procedure_request,
muốn đổi tên trên bằng tốt nghiệp thì cần giấy tờ gì,document_service,procedure_request,
thủ tục chuyển ngành học cần nộp đơn gì,document_service,procedure_request,
đăng ký giấy xnsv online có cần lên trường lấy ko,document_service,student_certificate,
xin giấy chứng nhận tham gia chiến dịch mùa hè xanh,document_service,procedure_request,
mẫu đơn xin vắng thi lấy ở link nào,document_service,procedure_request,
quy trình xin cấp học bổng nghèo vượt khó,document_service,procedure_request,
thủ tục cấp lại bằng tốt nghiệp bị mất,document_service,procedure_request,
đăng ký giấy tạm hoãn thi ở đâu,document_service,procedure_request,
xin giấy xác nhận quá trình học tập tại trường,document_service,academic_transcript,
cách lấy bảng điểm để nộp hồ sơ xin việc,document_service,academic_transcript,
phi xin giấy chứng nhận sv là bnh,document_service,student_certificate,
muốn đóng dấu mộc đỏ lên giấy xnsv thì qua phòng nào,document_service,student_certificate,
form đơn xin cứu xét học vụ nằm ở đâu,document_service,procedure_request,
thủ tục xin ở ktx cho sv năm 1,document_service,procedure_request,
hướng dẫn đăng ký giấy chứng nhận sinh viên qua mạng,document_service,student_certificate,
làm thẻ y tế cần nộp gì tk,document_service,procedure_request,
muốn lấy giấy chứng nhận hiến máu của đh,document_service,procedure_request,
giấy chứng nhận đã hoàn thành khóa học quốc phòng,document_service,procedure_request,
thủ tục làm đơn khiếu nại điểm thi,document_service,procedure_request,
em muốn xin bảng điểm 4 năm học thì làm sao,document_service,academic_transcript,
xin giấy xác nhận hạnh kiểm của sv,document_service,activities_transcript,
mẫu đơn xin rút hồ sơ nhập học,document_service,procedure_request,
cách nộp đơn xin miễn giảm học phí,document_service,procedure_request,
thủ tục xin cấp chứng chỉ tin học của trường,document_service,procedure_request,
xin giấy chứng nhận để mua macbook giảm giá,document_service,student_certificate,
xin cấp phó bản bằng tốt nghiệp đại học,document_service,procedure_request,
quy trình nộp đơn xin chuyển trường,document_service,procedure_request,
muốn xin giấy chứng nhận đang làm đồ án tốt nghiệp,document_service,procedure_request,
đăng kí cấp lại thẻ sinh viên do bị gãy,document_service,procedure_request,
tải mẫu đơn xin chuyển điểm ở đâu v ad,document_service,procedure_request,
xin giấy chứng minh đang học ngành này để đi làm thêm,document_service,student_certificate,
hướng dẫn xin giấy vay vốn hssv,document_service,procedure_request,
xin bảng điểm rèn luyện thì làm sao,document_service,activities_transcript,
thủ tục cấp lại thẻ sv bị mất,document_service,procedure_request,
muốn xin giấy xac nhan sv để mở thẻ ngân hàng,document_service,student_certificate,
đăng ký lấy bảng điểm học tập online,document_service,academic_transcript,
lệ phí xin giấy chứng nhận là bao nhiêu,document_service,procedure_request,
cách in bảng điểm tiếng anh,document_service,academic_transcript,
nộp đơn xin thôi học cần chữ ký phụ huynh ko,document_service,procedure_request,
mẫu đơn xin nhập học lại sau khi bảo lưu,document_service,procedure_request,
xin xác nhận điểm rèn luyện năm ngoái,document_service,activities_transcript,
cấp chứng nhận đoàn viên cho sv,document_service,procedure_request,
xin giấy xác nhận điểm gpa để đi du học,document_service,academic_transcript,
hướng dẫn làm giấy chứng nhận sinh viên quốc tế,document_service,student_certificate,
cách lấy giấy chứng nhận khen thưởng,document_service,procedure_request,
thủ tục làm giấy xác nhận ở nội trú,document_service,procedure_request,
muốn lấy bản sao bảng điểm thì mất phí ko,document_service,academic_transcript,
thủ tục xác nhận minh chứng rèn luyện,document_service,activities_transcript,
xin giấy phép vắng mặt dài hạn,document_service,procedure_request,
thủ tục nộp giấy chứng nhận bệnh án để hoãn thi,document_service,procedure_request,
xin cấp lại giấy báo nhập học,document_service,procedure_request,
đăng ký form xin xem lại bài thi,document_service,procedure_request,
xin giấy chứng nhận ưu tiên cho đối tượng 1,document_service,procedure_request,
mẫu đơn xin chuyển hệ học,document_service,procedure_request,
xin giấy xác nhận là lớp trưởng,document_service,procedure_request,
cách làm thẻ thư viện điện tử,document_service,procedure_request,
cấp lại tài khoản msv ntn,document_service,procedure_request,
thủ tục nhận lại bằng cấp 3 từ hồ sơ trúng tuyển,document_service,procedure_request,
xin giấy chứng nhận sv năm 4,document_service,student_certificate,
quy trình làm chứng nhận đã học xong các môn,document_service,academic_transcript,
xin bảng điểm từng kì có được ko,document_service,academic_transcript,
muốn công chứng bảng điểm của trường thì ntn,document_service,academic_transcript,
đơn xin thực tập tốt nghiệp mẫu ở đâu,document_service,procedure_request,
đăng kí giấy chứng nhận học sinh sinh viên,document_service,student_certificate,
xin cấp chứng chỉ tiếng anh chuẩn đầu ra,document_service,procedure_request,
làm giấy chứng nhận để đăng ký thi ielts,document_service,student_certificate,
thủ tục xin lại mật khẩu wifi sinh viên,document_service,procedure_request,
xin giấy uỷ quyền nộp học phí,document_service,procedure_request,
đơn xin cấp học bổng khuyến khích học tập,document_service,procedure_request,
cách lấy giấy biên nhận nộp hồ sơ,document_service,procedure_request,
xin chứng nhận hoàn thành khóa luận,document_service,procedure_request,
giấy giới thiệu về địa phương xin làm sao,document_service,procedure_request,
mẫu giấy xin xác nhận không nợ sách thư viện,document_service,procedure_request,
đăng ký xác nhận sinh viên hệ vừa học vừa làm,document_service,student_certificate,
xin giấy chứng nhận sinh viên 5 tốt cấp trường,document_service,procedure_request,
thủ tục làm đơn xin dời ngày thi,document_service,procedure_request,
xin giấy báo điểm học kì 2,document_service,academic_transcript,
hướng dẫn làm thủ tục tốt nghiệp online,document_service,procedure_request,
chỉ đường tới Toà B dùm cái,navigation,building_b,
đi từ cổng chính tới thư viện đường nào gần,navigation,building_c,
tui đang ở đâu trong trường vậy,navigation,,
phòng học a104 nằm ở lầu mấy,navigation,building_a,
nhà để xe toà c đi sao,navigation,,
đường nào đi lên phòng đào tạo z m.n,navigation,building_ndh,
từ căn tin qua phòng y tế đi hướng nào,navigation,building_e,
tìm đường ra nhà xe cổng 1,navigation,,
chỉ tui đường tới nhà điều hành với,navigation,building_ndh,
cho vị trí của toà nhà F đi,navigation,building_f,
phòng công tác sv ở đâu v,navigation,building_ndh,
thang máy toà A nằm ở góc nào,navigation,,
map trường chỗ toà C,navigation,building_c,
mình đag ở cổng 2 đi thư viện s,navigation,building_c,
hướng dẫn đi tới phòng tự học lầu 3,navigation,,
wc nữ toà E ở đâu zậy,navigation,building_e,
cách đi qua toà G nhanh nhất,navigation,building_g,
định vị chỗ đang đứng xem,navigation,,
phòng gym nằm ở toà nào v,navigation,,
bãi đậu xe hơi nằm ở khu nào,navigation,,
chỉ đường tới sân vận động trường,navigation,,
từ toà d sang toà a xa ko đi đường nào,navigation,building_a,
chỉ giúp vị trí phòng giáo vụ khoa cntt,navigation,building_ndh,
chỗ lấy giấy xnsv ở lầu mấy toà nào,navigation,building_ndh,
map đường đi ra cổng chính,navigation,,
trạm xe bus gần trường ở đâu,navigation,,
chỉ đường lên sân thượng toà B,navigation,building_b,
mình đang lạc ở toà E làm sao ra căn tin,navigation,,
hướng dẫn mình tới phòng y tế đi,navigation,building_e,
phòng B205 nằm ở tầng mấy,navigation,building_b,
tìm vị trí của nhà ăn sinh viên,navigation,,
đi tới phòng ctsv như nào mng,navigation,building_ndh,
đi đường nào qua toà H vậy,navigation,,
đường tắt từ toà C qua toà D,navigation,building_d,
chỉ mình chỗ nộp tiền học phí với,navigation,building_ndh,
vị trí cây atm trong trường ở đâu,navigation,building_c,
tìm đường tới phòng họp số 1 toà nhà điều hành,navigation,building_ndh,
sảnh toà a nằm khúc nào,navigation,building_a,
tới lầu 4 toà E bằng cách nào,navigation,building_e,
phòng c202 ở khu nào z,navigation,building_c,
đang ở toà F đi ra bãi xe sao,navigation,building_f,
chỉ t đường đi đến căn tin toà C,navigation,building_c,
vị trí của trung tâm tin học,navigation,building_ndh,
đi tới nhà thi đấu theo đường nào,navigation,,
hướng dẫn cách ra cổng phụ,navigation,,
từ đây ra cổng mất bao lâu,navigation,,
tầng hầm toà B lối xuống ở đâu,navigation,building_b,
tìm phòng y tế gần nhất,navigation,building_e,
đường đi toà g từ cổng 3,navigation,,
chỉ tui phòng học d401,navigation,building_d,
chỗ máy photo copy trong trường ở đâu,navigation,,
map đường lên lầu 5 toà A,navigation,building_a,
cho tui biết tui đang ở khu nào hong,navigation,,
di toi phong dao tao ntn,navigation,building_ndh,
vi tri cua can tin o dau,navigation,,
tim duong ra nha de xe toa b,navigation,building_b,
tui dang dung o dau tren ban do truong,navigation,,
phong ctsv nam o lau may vay bot,navigation,building_ndh,
duong di bo qua toa e,navigation,building_e,
chi minh cach di len thu vien,navigation,building_c,
điểm danh vân tay ở phòng nào v,navigation,,
tìm phòng b301 giúp mình nha,navigation,building_b,
hướng đi tới toà c từ nhà điều hành,navigation,building_c,
vị trí bãi giữ xe máy cho sinh viên,navigation,,
chỉ đường đi toilet nam toà d,navigation,building_d,
chỗ đăng ký học phần nộp hồ sơ ở đâu,navigation,building_ndh,
cầu thang bộ toà nhà điều hành ở đâu,navigation,building_ndh,
lối thoát hiểm gần nhất nằm đâu,navigation,,
cho mình bản đồ của toà f,navigation,building_f,
đi từ toà h sang sân banh s dợ,navigation,,
tìm chỗ sạc điện thoại ở thư viện,navigation,,
vị trí máy bán nước tự động toà a,navigation,,
chỉ đg đi trung tâm tiếng anh của trg,navigation,,
phòng họp 2 toà nhà điều hành ở khúc nào,navigation,building_ndh,
tầng trệt toà b có gì không chỉ đường tớ,navigation,,
đường ra bến xe buýt đi cổng nào,navigation,,
tìm đường đến phòng máy thực hành mạng,navigation,,
chỗ nộp giấy khám sức khoẻ ở đâu,navigation,,
chỉ lối đi xe lăn lên thư viện,navigation,building_c,
đi hướng nào tới khu c,navigation,building_c,
map đường đi khu nhà xe gv,navigation,,
toà a ở cổng 1 hay cổng 2,navigation,building_a,
tới phòng tiếp sinh viên đi sao,navigation,,
chỉ đường vào hội trường toà a,navigation,building_a,
tìm đường tới sân bóng rổ,navigation,,
cho hỏi cầu thang máy toà d ở đâu,navigation,building_d,
đi tới sảnh toà nhà điều hành sao ta,navigation,building_ndh,
vị trí của văn phòng đoàn hội,navigation,building_ndh,
chỉ tui đường đi lấy xe máy,navigation,,
từ phòng a201 đi y tế sao,navigation,building_e,
tôi đang ở lầu 1 toà c muốn đi toà a,navigation,building_a,
đường xuống tầng hầm bãi giữ xe,navigation,,
định vị tui đang ở lầu mấy,navigation,,
đi từ sân tập gym qua thư viện có xa hk,navigation,,
hello bot,general_chat,,
cảm ơn b nha,general_chat,,
chao buoi sang,general_chat,,
bot tên gì dợ,general_chat,,
hnay trời nóng quá ta,general_chat,,
cậu là ai vậy,general_chat,,
chào ad nha,general_chat,,
tks bạn nhiều,general_chat,,
ok cám ơn bot,general_chat,,
bot dễ thương ghê,general_chat,,
nay trường đông người quá,general_chat,,
hi b,general_chat,,
bot có ăn cơm chưa,general_chat,,
chúc một ngày tốt lành nhé,general_chat,,
bye bye,general_chat,,
mày ngu quá bot ơi,general_chat,,
bot xịn thật đấy,general_chat,,
hỏi cái này xíu nè,general_chat,,
tôi đang buồn quá bot an ủi được ko,general_chat,,
alo bot nghe rõ trả lời,general_chat,,
xin chào,general_chat,,
bot biết hát không,general_chat,,
trời hnay mưa to buồn ghê,general_chat,,
cảm ơn mng nhiều,general_chat,,
ai tạo ra cậu vậy,general_chat,,
chúc ngủ ngon nha,general_chat,,
bạn nhiêu tuổi rồi,general_chat,,
bot có giới tính hong,general_chat,,
alo alo có ai ở đó không,general_chat,,
cậu thông minh thật sự,general_chat,,
để đó mình lo,general_chat,,
rất vui được làm quen,general_chat,,
bot dạo này rep nhanh nhở,general_chat,,
tui mệt mỏi với bài tập quá,general_chat,,
cậu trả lời sai rồi kìa,general_chat,,
xin lỗi nha tui nhầm,general_chat,,
khen bot một câu nè giỏi lắm,general_chat,,
mình đi đây tạm biệt,general_chat,,
cuối tuần vui vẻ nha bot,general_chat,,
bạn có biết kể chuyện cười ko,general_chat,,
trời lạnh quá muốn ngủ luôn,general_chat,,
hello ngày mới,general_chat,,
bạn hiểu tiếng anh ko,general_chat,,
tui stress quá có cách nào giải toả k,general_chat,,
thank u,general_chat,,
mình chưa hiểu ý bạn lắm,general_chat,,
tốt lắm,general_chat,,
chán quá chả muốn đi học,general_chat,,
hey,general_chat,,
cho xin 1 tràng pháo tay,general_chat,,
cậu đang làm gì đó,general_chat,,
thời tiết nay s bot,general_chat,,
bụng tui đói r cồn cào luôn,general_chat,,
cậu có ngủ bao giờ ko,general_chat,,
cám ơn sự hỗ trợ nhiệt tình của cậu,general_chat,,
bot biết chơi game không,general_chat,,
haizz sầu quá,general_chat,,
bot làm tui cười đi,general_chat,,
chúc mừng sinh nhật tui đi bot,general_chat,,
cậu là ai tạo ra v,general_chat,,
chào ban nha,general_chat,,
cam on bot nhieu,general_chat,,
chao buổi chiều tà,general_chat,,
bot ten la gi v,general_chat,,
nay toi buon qua bot oi,general_chat,,
bye bot nhe,general_chat,,
bot biet yeu khong,general_chat,,
alo co ai hong,general_chat,,
bot ngu ngoc,general_chat,,
bot tra loi dung roi do,general_chat,,
chào mừng ngày mới,general_chat,,
hiểu rồi nha tks,general_chat,,
không có chi,general_chat,,
đúng rồi nha,general_chat,,
có gì mới không kể nghe đi,general_chat,,
dạo này bạn khỏe không,general_chat,,
bot nói tiếng con người xem nào,general_chat,,
chúc cuối tuần tốt lành,general_chat,,
cậu có cảm xúc khong,general_chat,,
tui đói bụng quá đi,general_chat,,
bot xàm quá,general_chat,,
tôi thích cậu rồi đó bot,general_chat,,
đỉnh quá vậy bot,general_chat,,
ngủ trưa ngon giấc nha,general_chat,,
hỏi một xíu đc k,general_chat,,
thôi bái bai cậu,general_chat,,
bot có biết nấu ăn k,general_chat,,
mấy hnay mưa bão sầu ghê,general_chat,,
cho tui ly trà sữa ảo đi,general_chat,,
hi vọng đc bot giúp đỡ nhìu,general_chat,,
đoán xem tui là ai,general_chat,,
chào mừng tới đại học,general_chat,,
cậu có nhận thức đc ko,general_chat,,
buồn ngủ rã rời,general_chat,,
tui thấy bot thân thiện đó,general_chat,,
cho xin icon mặt cười nha,general_chat,,
chào tui bằng tiếng anh đi,general_chat,,
thật tuyệt vời ông mặt trời,general_chat,,
bot là nam hay nữ z,general_chat,,
chúc một ngày học tập hiệu quả,general_chat,,
tòa A nằm ở khu nào vậy b,facility_query,building,
cho minh hoi toa a co phong may lanh k,facility_query,building,
tòa A là khu hành chính hay học vụ,facility_query,building,
ở toà A có thang máy hong,facility_query,building,
toa A cua truong minh nam o dau the,facility_query,building,
có lớp nào học ở tòa a k ạ,facility_query,building,
toa b hom nay co mo cua ko,facility_query,building,
tòa B có phòng thí nghiệm không nhỉ,facility_query,building,
mình có tiết ở tòa B mà k biết nó ở đoạn nào,facility_query,building,
khu nhà b là dành cho khoa nào,facility_query,building,
toa b gui xe o dau tien nhat,facility_query,building,
tòa b trường mình có máy nước uống ko,facility_query,building,
tòa c có bao nhiêu tầng thế,facility_query,building,
phòng học ở tòa c có bự khum,facility_query,building,
toa c co gan toa a khong,facility_query,building,
mình muốn hỏi thông tin về toà C,facility_query,building,
nghe nói tòa c mới xây xong phải ko,facility_query,building,
tòa C ở cơ sở 1 đúng k,facility_query,building,
bạn ơi tòa D nằm hướng nào cổng chính,facility_query,building,
toa d de lam gi vay,facility_query,building,
tòa d có chỗ nào ngồi nghỉ k,facility_query,building,
chức năng của toà D là gì thế,facility_query,building,
cho hỏi toà d có wc ở tầng 1 ko,facility_query,building,
toa d nay hoc ca ngay hay sao,facility_query,building,
toà e có mở buổi tối cho sv tự học k,facility_query,building,
thông tin các phòng ở tòa e,facility_query,building,
toa e xay lau chua,facility_query,building,
mình nghe nói tòa e đang sửa đúng khum,facility_query,building,
ở toà e có bán đồ ăn khong,facility_query,building,
tòa e nằm gần bãi xe nào,facility_query,building,
tòa f là chỗ nào vậy mn,facility_query,building,
toa f truong minh nam o dau,facility_query,building,
có ai biết tòa f làm việc đến mấy giờ k,facility_query,building,
toà F dạy thực hành hay lý thuyết,facility_query,building,
khu toà f có wifi free không,facility_query,building,
tòa f có bị cúp điện hôm nay k,facility_query,building,
toa f o khu trung tam dung khong,facility_query,building,
tòa g có phòng hội trường không,facility_query,building,
cho mình hỏi toà g chuyên về cái gì,facility_query,building,
toa g co cho nap the sv k,facility_query,building,
tòa G này có gần căn tin khum,facility_query,building,
xin thông tin toà g ạ,facility_query,building,
toa G là tòa nhà mới à,facility_query,building,
mình muốn tìm hiểu về các phòng ở tòa g,facility_query,building,
nhà điều hành nằm ở khúc nào,facility_query,building,
toà ndh là toà nào z,facility_query,building,
toa nha dieu hanh nam gan cong nao,facility_query,building,
có việc cần lên nhà điều hành thì đi giờ nào,facility_query,building,
nhà điều hành có tiếp sinh viên buổi chiều ko,facility_query,building,
toa ndh cho nop giay to o tang may,facility_query,building,
căn tin trường mình bán đồ ăn gì dợ,facility_query,canteen,
canteen có bán nước ép khum bạn,facility_query,canteen,
gia do an o can tin khoan bao nhieu,facility_query,canteen,
căn tin mở cửa từ mấy giờ đến mấy giờ,facility_query,canteen,
trưa nay căn tin có mở không,facility_query,canteen,
can tin nay co cho quet ma qr thanh toan chua,facility_query,canteen,
có bạt nào biết căn tin nằm ở đâu k,facility_query,canteen,
bên căn tin có bán cơm chay k ạ,facility_query,canteen,
can tin truong co may lanh ko vay,facility_query,canteen,
sức chứa của căn tin khoảng bn người,facility_query,canteen,
căn tin có bán đồ ăn sáng khum,facility_query,canteen,
muon xem menu cua cang tin thi vao dau,facility_query,canteen,
canteen trường có wifi cho sv không,facility_query,canteen,
canteen có chỗ sạc lap k,facility_query,canteen,
căn tin nay co cho sv tu mang do an vao ko,facility_query,canteen,
canteen trường nằm khu vực nào,facility_query,canteen,
can tin nam o tang may vay,facility_query,canteen,
cho mình hỏi căn tin nghỉ bán lúc mấy giờ,facility_query,canteen,
can tin co giao hang tan phong hoc khong,facility_query,canteen,
thức ăn căn tin có đảm bảo atvstp k,facility_query,canteen,
căn tin có đông vào buổi trưa k,facility_query,canteen,
cho hoi can tin co ban the dien thoai k,facility_query,canteen,
canteen gần tòa nào nhất,facility_query,canteen,
căn tin có nhận chuyển khoản khum,facility_query,canteen,
mua đồ ở căn tin có cần thẻ sv ko,facility_query,canteen,
can tin hien tai con cho ngoi k,facility_query,canteen,
đồ ăn ở canteen có rẻ không,facility_query,canteen,
ở căn tin có bán văn phòng phẩm ko,facility_query,canteen,
canteen trường ở đâu thế,facility_query,canteen,
căn tin hnay co nhung mon gi,facility_query,canteen,
căn tin nằm ở hướng nào của trường,facility_query,canteen,
khoảng cách từ thư viện ra căn tin có xa ko,facility_query,canteen,
canteen co ban nuoc ngot khong,facility_query,canteen,
cho e hỏi căn tin có bán cơm phần k,facility_query,canteen,
canteen trường có cho nợ khum,facility_query,canteen,
căn tin này sức chứa bnhieu vậy,facility_query,canteen,
canteen co mo ngay chu nhat k,facility_query,canteen,
căn tin có món nào ngon suggest tui dới,facility_query,canteen,
can tin buoi chieu co mo cua k,facility_query,canteen,
cho xin review can tin truong,facility_query,canteen,
căn tin có chỗ cho sv ngồi học bài ko,facility_query,canteen,
có ai biết sdt của canteen trường không,facility_query,canteen,
căn tin trường có chỗ rửa tay k,facility_query,canteen,
can tin co cho mua mang di khong,facility_query,canteen,
canteen trường có bán cafe k,facility_query,canteen,
ngồi lì ở canteen cả ngày dc ko,facility_query,canteen,
can tin trường có máy làm mát khum,facility_query,canteen,
căn tin nằm sau lưng toà A phải ko,facility_query,canteen,
cho hoi cang tin co ban snack khong,facility_query,canteen,
canteen bữa nay nghỉ à,facility_query,canteen,
thư viện mở cửa lúc mấy giờ,facility_query,library,
thư viện trường có cho sv ngoài vào ko,facility_query,library,
thu vien nay co wifi xai dc k,facility_query,library,
có thể mượn sách thư viện về nhà dc không,facility_query,library,
thu vien co phong tu hoc ko vay,facility_query,library,
quy định của thư viện trường như nào,facility_query,library,
thư viện có mở cuối tuần khum,facility_query,library,
cho e hỏi vị trí của thư viện,facility_query,library,
thu vien o toa nao zay,facility_query,library,
thư viện trường mình có sách chuyên ngành kinh tế k,facility_query,library,
thu vien co cho muon laptop ko,facility_query,library,
thư viện bao giờ đóng cửa,facility_query,library,
vao thu vien co can the sinh vien k,facility_query,library,
thư viện có chỗ nào cho thảo luận nhóm hông,facility_query,library,
thu vien nam o dau,facility_query,library,
thư viện ở tầng mấy của toà nhà trung tâm,facility_query,library,
thư viện trường có máy lạnh k,facility_query,library,
ở thư viện có máy in tài liệu cho sv ko,facility_query,library,
thu vien hien co dong nguoi ko,facility_query,library,
muốn gia hạn sách mượn ở thư viện thì ntn,facility_query,library,
thu vien truong m co rong ko,facility_query,library,
có dc mang đồ ăn nhẹ vào thư viện k,facility_query,library,
thư viện có khu nào để ngủ trưa k,facility_query,library,
thu vien truong sach co cap nhat moi khong,facility_query,library,
chiều nay thư viện có mở cửa hông,facility_query,library,
cần thông tin liên hệ của thư viện,facility_query,library,
thư viện nằm ở khu vực nào dợ,facility_query,library,
thu vien co cho muon truyen tranh doc ko,facility_query,library,
thư viện trường có cho sạc điện thoại k,facility_query,library,
đánh mất thẻ sv thì có vô thư viện đc ko,facility_query,library,
thu vien co may tinh de ban xai chung ko,facility_query,library,
có ai ở thư viện cho tui hỏi xíu,facility_query,library,
thu vien mien phi hay phai tra tien muon sach,facility_query,library,
thư viện có yên tĩnh ko,facility_query,library,
mượn sách ở thư viện tối đa bao nhiêu quyển,facility_query,library,
thu vien truong dong cua mat roi dung k,facility_query,library,
muốn mượn phòng họp trong thư viện thì đk ntn,facility_query,library,
thu vien co he thong tim sach online chua,facility_query,library,
thư viện trường mình có sách ngoại văn k,facility_query,library,
trong thu vien co cho uong nuoc ko,facility_query,library,
mình muốn biết thư viện nằm gần khu nào,facility_query,library,
thu vien mo cua nhung ngay nao trong tuan,facility_query,library,
thư viện có điều hoà k dợ,facility_query,library,
được mang balo vô thư viện không bạn,facility_query,library,
thu vien truong co may tang,facility_query,library,
tới thư viện thì đi lối nào tiện nhất,facility_query,library,
thu vien gio nay con cho k ae,facility_query,library,
thư viện mở cửa buổi trưa hay nghỉ v,facility_query,library,
phòng tự học trong thư viện có bị giới hạn tgian ko,facility_query,library,
thu vien truong co dep k,facility_query,library,
bãi giữ xe nằm ở đâu z,facility_query,parking,
nha xe cua truong o khu nao,facility_query,parking,
trường mình có mấy bãi đỗ xe,facility_query,parking,
bãi xe sinh viên có gửi qua đêm dc ko,facility_query,parking,
nha xe co mai che k vay,facility_query,parking,
phí gửi xe ở trường là bao nhiêu,facility_query,parking,
nha xe truong minh gui xe tay ga the nao,facility_query,parking,
bãi giữ xe mở cửa lúc mấy giờ,facility_query,parking,
đóng cửa nhà xe lúc mấy giờ vậy ad,facility_query,parking,
nha xe cua truong nam gan toa nao nhat,facility_query,parking,
bãi xe trường có giữ nón bảo hiểm ko,facility_query,parking,
nha xe hom nay co dong qua ko,facility_query,parking,
khu giữ xe có bị ngập nước khi mưa khum,facility_query,parking,
o nha xe co cho xuc xang k,facility_query,parking,
bãi đỗ xe có chỗ gửi xe đạp ko,facility_query,parking,
cho em hỏi nhà xe sinh viên nằm ở đoạn nào,facility_query,parking,
nha xe may xai the giay hay the tu,facility_query,parking,
bãi xe trường có camera an ninh k,facility_query,parking,
mình muốn hỏi về giờ hoạt động bãi giữ xe,facility_query,parking,
bãi đỗ xe hơi cho sinh viên ở đâu,facility_query,parking,
nha xe dang dong ghe luon ha mn,facility_query,parking,
bãi đỗ xe có chỗ sạc xe điện ko,facility_query,parking,
mat the xe o nha xe thi giai quyet ntn,facility_query,parking,
nha xe truong minh thu ve tich luy thang k,facility_query,parking,
bãi xe nam ở cổng nào của trường,facility_query,parking,
nha xe rông khoảng bn mét vuông,facility_query,parking,
nếu đi trễ thì bãi giữ xe có còn chỗ không,facility_query,parking,
khu do xe de dc bao nhieu chiec z,facility_query,parking,
bãi giữ xe có thẻ tháng hong,facility_query,parking,
dang ki the xe thang o nha xe nhu nao,facility_query,parking,
bãi xe trường mình nằm dưới tầng hầm à,facility_query,parking,
nha xe nao de xe mien phi k,facility_query,parking,
bãi gửi xe có giữ xe máy cuối tuần ko,facility_query,parking,
bãi đỗ xe gần thư viện nhất là bãi nào,facility_query,parking,
gui xe o bai xe ton may ngan vay,facility_query,parking,
nha xe cua sv va giang vien co chung k,facility_query,parking,
bãi giữ xe trường có nhận giữ đồ ko,facility_query,parking,
hỏi vị trí của bãi đỗ xe trường mình,facility_query,parking,
o nha xe co cho bom banh xe khum,facility_query,parking,
bãi gửi xe có làm việc ngày lễ k,facility_query,parking,
gui xe oto vao bai xe truong mat bao nhieu,facility_query,parking,
bãi xe trường có phân khu k,facility_query,parking,
nha xe sv nam o phia trc hay sau truong,facility_query,parking,
có mấy cổng vào bãi xe z,facility_query,parking,
bãi giữ xe bao quát cả trường hay nằm 1 góc,facility_query,parking,
bai xe cho xe dap dien co the tu k,facility_query,parking,
nha xe mo som nhat luc may gio,facility_query,parking,
từ bãi giữ xe qua toà a xa hong,facility_query,parking,
nha xe truong gui ngoai gio hc co dc k,facility_query,parking,
thông tin bãi đỗ xe của trường,facility_query,parking,
phòng y tế nằm ở đâu vậy ạ,facility_query,room_medical,
phong y te truong co thuoc dau da day k,facility_query,room_medical,
mình bị cảm thì lên phòng y tế xin thuốc dc k,facility_query,room_medical,
phòng y tế có bác sĩ trực ko,facility_query,room_medical,
phong y te nam o toa nao zay,facility_query,room_medical,
trường mình có phòng y tế không,facility_query,room_medical,
phòng y tế mở cửa tới mấy giờ,facility_query,room_medical,
phong y te truong m co giuong nam k,facility_query,room_medical,
đau bụng quá xin xuống phòng y tế nằm dc ko,facility_query,room_medical,
phòng y tế làm việc thứ 7 ko,facility_query,room_medical,
phong y te nam o tang may vay,facility_query,room_medical,
lấy thuốc ở phòng y tế có tốn tiền k,facility_query,room_medical,
chức năng của phòng y tế trường là gì,facility_query,room_medical,
cho xin vi tri phong y te,facility_query,room_medical,
phòng y tế có đồ sơ cứu vết thương k,facility_query,room_medical,
phong y te truong co kham benh mien phi khong,facility_query,room_medical,
mình muốn hỏi giờ nghỉ trưa của phòng y tế,facility_query,room_medical,
phong y te co cap the bhyt k,facility_query,room_medical,
phòng y tế trường nằm gần khu nào,facility_query,room_medical,
phong y te cua truong rong khong,facility_query,room_medical,
cần bông băng thì ghé phòng y tế dc hong,facility_query,room_medical,
phòng y tế có máy đo huyết áp khum,facility_query,room_medical,
sdt lien he phong y te la so may,facility_query,room_medical,
phòng y tế có nhận xử lý gãy xương tạm k,facility_query,room_medical,
có ai biết phòng y tế nằm góc nào k,facility_query,room_medical,
phong y te dang co ng truc ko,facility_query,room_medical,
phòng y tế trường mình có thuốc say nắng ko,facility_query,room_medical,
phòng y tế hoạt động lúc nào,facility_query,room_medical,
toi phong y te co can the sv ko,facility_query,room_medical,
phòng y tế nằm dưới trệt hay trên lầu,facility_query,room_medical,
phong y te co can thiem y te chuyen sau k,facility_query,room_medical,
giờ mở cửa của phòng y tế,facility_query,room_medical,
phong y te truong minh hay dong cua k,facility_query,room_medical,
thuốc ở phòng y tế có đa dạng k,facility_query,room_medical,
phòng y tế có cho nghỉ ngơi khi mệt ko,facility_query,room_medical,
minh muon tim hieu ve phong y te,facility_query,room_medical,
phòng y tế có băng cá nhân khong,facility_query,room_medical,
phong y te co do nhiet do ko,facility_query,room_medical,
ở phòng y tế có nước suối k,facility_query,room_medical,
thông tin phòng y tế trường đh,facility_query,room_medical,
truong mjnh co tram y te o dau k,facility_query,room_medical,
phong y te cua sv nam cho nao,facility_query,room_medical,
có thể xin giấy nghỉ ốm từ phòng y tế ko,facility_query,room_medical,
y te cua truong nam o dau the,facility_query,room_medical,
phòng y tế nghỉ lúc mấy giờ chiều,facility_query,room_medical,
phong y te co tui chom da k,facility_query,room_medical,
phòng y tế xử lý trúng gió dc hong,facility_query,room_medical,
địa điểm phòng y tế của cơ sở 1,facility_query,room_medical,
phong y te mien phi dung ko,facility_query,room_medical,
cho hỏi khu y tế ở chỗ nào,facility_query,room_medical,
phòng CTSV nằm ở tầng nào,facility_query,room_pctsv,
phòng công tác sinh viên làm việc tới mấy giờ,facility_query,room_pctsv,
phong ctsv cua truong o dau vay,facility_query,room_pctsv,
để nộp giấy xác nhận sv thì tới pctsv giờ nào,facility_query,room_pctsv,
phòng ctsv giải quyết mấy vấn đề gì,facility_query,room_pctsv,
phong cong tac sinh vien mo cua tu may gio,facility_query,room_pctsv,
muốn gặp phòng ctsv thì đi toà nào,facility_query,room_pctsv,
phòng ctsv có giải quyết việc rèn luyện k,facility_query,room_pctsv,
phong ctsv truong minh co rep email ko,facility_query,room_pctsv,
cần sdt của phòng công tác sinh viên,facility_query,room_pctsv,
phòng ctsv có cấp lại thẻ sv khum,facility_query,room_pctsv,
phong ctsv trua co nghi an com k,facility_query,room_pctsv,
phòng công tác hssv ở đâu,facility_query,room_pctsv,
xin thong tin phong ctsv,facility_query,room_pctsv,
phòng ctsv có tiếp sinh viên buổi chiều thứ 6 ko,facility_query,room_pctsv,
phong ctsv xac nhan vay von o dau vay,facility_query,room_pctsv,
khoảng cách từ bãi xe lên phòng ctsv,facility_query,room_pctsv,
phòng ctsv năm nay ở chỗ cũ hay chuyển r,facility_query,room_pctsv,
nộp đơn học bổng cho phòng ctsv phòng mấy,facility_query,room_pctsv,
pctsv co lam viec ngay thu 7 hong,facility_query,room_pctsv,
phòng công tác sinh viên nằm toà trung tâm à,facility_query,room_pctsv,
cho xin giờ làm việc của phòng ctsv,facility_query,room_pctsv,
phong ctsv giai quyet diem ren luyen tu may gio,facility_query,room_pctsv,
phòng ctsv nằm góc nào trường m,facility_query,room_pctsv,
phong ctsv thuoc day nha nao,facility_query,room_pctsv,
ai cho e biết phòng ctsv ở đâu k,facility_query,room_pctsv,
phòng công tác sinh viên có xử lý kỷ luật ko,facility_query,room_pctsv,
phong ctsv o truong la phong so may,facility_query,room_pctsv,
cần lên phòng ctsv thì đi cầu thang nào,facility_query,room_pctsv,
phong ctsv truc ca trua k,facility_query,room_pctsv,
có thể gọi điện nhờ phòng ctsv tư vấn đc k,facility_query,room_pctsv,
phòng ctsv giải đáp thắc mắc về đoàn thanh niên k,facility_query,room_pctsv,
pctsv dang tiep sv ha mn,facility_query,room_pctsv,
phòng ctsv làm giấy tờ nhanh ko,facility_query,room_pctsv,
phong ctsv chua mo cua ah,facility_query,room_pctsv,
phòng công tác sinh viên có cấp giấy chứng nhận sv ko,facility_query,room_pctsv,
pctsv nam o co so 1 hay co so 2,facility_query,room_pctsv,
phong ctsv co giai quyet vu noi tru ko,facility_query,room_pctsv,
chức năng của phòng ctsv là làm gì,facility_query,room_pctsv,
hỏi vị trí của phòng công tác sinh viên,facility_query,room_pctsv,
phong ctsv nam ke ben phong dao tao ha,facility_query,room_pctsv,
thứ 2 phòng ctsv có mở sớm k,facility_query,room_pctsv,
cho hoi phong ctsv cua truong dh o dau,facility_query,room_pctsv,
phòng ctsv có nhận làm bảo hiểm tai nạn ko,facility_query,room_pctsv,
len pctsv can mang theo the sv khong,facility_query,room_pctsv,
phòng ctsv đóng cửa lúc mấy giờ,facility_query,room_pctsv,
phong ctsv o phong bao nhieu z,facility_query,room_pctsv,
phòng công tác sinh viên ở tầng 1 phải k,facility_query,room_pctsv,
thong tin chi tiet phong ctsv,facility_query,room_pctsv,
mình cần hỏi vị trí pctsv,facility_query,room_pctsv,
phòng đào tạo ở đâu vậy mn,facility_query,room_pdt,
phong dao tao co giai quyet vu dang ky mon hoc k,facility_query,room_pdt,
cho hỏi giờ làm việc của phòng đào tạo,facility_query,room_pdt,
phòng đào tạo trường nằm ở toà nào,facility_query,room_pdt,
phong dao tao co tiep sinh vien buoi chieu hong,facility_query,room_pdt,
rút môn học thì lên phòng đào tạo giờ nào,facility_query,room_pdt,
phòng qldt ở tầng mấy,facility_query,room_pdt,
phong dao tao giai quyet viec cap bang o khu nao,facility_query,room_pdt,
muốn xin bảng điểm thì tới phòng pđt ở đâu,facility_query,room_pdt,
pđt có làm việc sáng thứ 7 ko,facility_query,room_pdt,
phong dao tao co dong sv dợi k,facility_query,room_pdt,
số điện thoại hotline của phòng đào tạo là số nào,facility_query,room_pdt,
phòng đào tạo nằm phía nào của trường,facility_query,room_pdt,
phong dao tao co giai quyet rot mon k,facility_query,room_pdt,
phòng pđt đóng cửa giờ nghỉ trưa k,facility_query,room_pdt,
phong dao tao co dong cua thu 6 khum,facility_query,room_pdt,
xin thông tin liên hệ phòng đào tạo,facility_query,room_pdt,
phòng đt nằm ở dãy nào thế,facility_query,room_pdt,
phong dao tao hien co dang tiep ng k,facility_query,room_pdt,
pđt xử lý huỷ môn từ mấy giờ đến mấy giờ,facility_query,room_pdt,
phong dao tao nam ke pctsv khong,facility_query,room_pdt,
phòng đt trường mở lúc mấy h,facility_query,room_pdt,
pdt giai quyet dang ky tin chi o phong so may,facility_query,room_pdt,
có ai biết phòng pđt dời đi đâu ko,facility_query,room_pdt,
phong dao tao co xu ly vu thi ho k,facility_query,room_pdt,
phòng pdt ở cơ sở mấy,facility_query,room_pdt,
p dao tao nam ngay sảnh chinh a,facility_query,room_pdt,
giờ hành chính của phòng đào tạo,facility_query,room_pdt,
phong dao tao buoi sang mo cua tu may h,facility_query,room_pdt,
phòng đào tạo có xử lý phúc khảo k,facility_query,room_pdt,
phong qldt cua truong minh nam vi tri nao,facility_query,room_pdt,
tới phòng đào tạo hỏi lịch thi đc khum,facility_query,room_pdt,
phong pdt co in bang diem mien phi ko,facility_query,room_pdt,
phòng pdt đóng cửa lúc 5h hay 4h30,facility_query,room_pdt,
cho e hỏi phòng pđt ở đâu á mn,facility_query,room_pdt,
phong dao tao o tren lau dung hong,facility_query,room_pdt,
chức năng chính của phòng đào tạo là gì,facility_query,room_pdt,
phong pdt giup giai quyet bao luu k,facility_query,room_pdt,
bạn ơi phòng đào tạo ở chỗ nào á,facility_query,room_pdt,
pđt có nhận đk môn trực tiếp ko,facility_query,room_pdt,
phong dao tao o phong bn z,facility_query,room_pdt,
phòng đt nằm tầng trệt hay trên lầu,facility_query,room_pdt,
pdt hnay co truc chua,facility_query,room_pdt,
mình muốn tìm hiểu quy định từ phòng đào tạo,facility_query,room_pdt,
phong pdt nay xu ly lich hoc ha,facility_query,room_pdt,
xin vị trí cụ thể phòng đào tạo,facility_query,room_pdt,
phong pdt co ho tro sinh vien qua đt k,facility_query,room_pdt,
phòng đào tạo trường mình có đông ng ko,facility_query,room_pdt,
thông tin về phòng đào tạo đh,facility_query,room_pdt,
phong quan ly dao tao o cho nao kkk,facility_query,room_pdt,
trường mình có phòng nghỉ cho sv ko,facility_query,room_resting,
phong nghi trua cua sv o dau z,facility_query,room_resting,
phòng nghỉ ngơi mở cửa lúc nào,facility_query,room_resting,
phong nghi co may lanh khong ban,facility_query,room_resting,
cho mình hỏi phòng nghỉ trưa nằm ở toà nào,facility_query,room_resting,
phong nghi co giuong nam hay la ghe,facility_query,room_resting,
đăng ký phòng nghỉ ở đâu,facility_query,room_resting,
phong resting truong minh dong cua may h,facility_query,room_resting,
phòng nghỉ có cho nằm qua đêm ko,facility_query,room_resting,
phong nghi cua truong co free k,facility_query,room_resting,
mình muốn hỏi vị trí phòng nghỉ thư giãn,facility_query,room_resting,
phong nghi danh cho sinh vien co o khu nao,facility_query,room_resting,
phòng nghỉ có yên tĩnh k để tui ngủ trưa,facility_query,room_resting,
phong nghi co gioi han thoi gian k,facility_query,room_resting,
phòng nghỉ sức chứa bnhieu ng,facility_query,room_resting,
phong nghi trua o tang may vay b,facility_query,room_resting,
cho hoi phong nghi truong o dau m k biet,facility_query,room_resting,
phòng nghỉ có phân nam nữ riêng khum,facility_query,room_resting,
phong nghi sv co wc ban trong k,facility_query,room_resting,
trưa nay phòng nghỉ có đông hong,facility_query,room_resting,
phòng nghỉ có wifi ko,facility_query,room_resting,
phong nghi cua truong minh ten gi vay,facility_query,room_resting,
phòng nghỉ này nằm ở cơ sở nào,facility_query,room_resting,
phong nghi co cho sac dien thoai hong,facility_query,room_resting,
giờ hoạt động của phòng nghỉ,facility_query,room_resting,
phong nghi ngutrua cua truong rong hong,facility_query,room_resting,
ở phòng nghỉ có chăn gối ko,facility_query,room_resting,
phong nghi nay la cua sinh vien khoa nao,facility_query,room_resting,
trường đh có phòng resting room hông,facility_query,room_resting,
phong nghi co o gan thu vien k,facility_query,room_resting,
cần ngủ thì lên phòng nghỉ ở chỗ nào,facility_query,room_resting,
phong nghi co bat may lanh tu sang toi chieu a,facility_query,room_resting,
phòng nghỉ trưa đóng cửa lúc mấy giờ,facility_query,room_resting,
phong nghi co the dang ky truoc khum,facility_query,room_resting,
tìm hiểu về phòng nghỉ ngơi của trường,facility_query,room_resting,
phong nghi sinh vien mien phi dung chua,facility_query,room_resting,
ở phòng nghỉ có cấm làm ồn k,facility_query,room_resting,
phong nghi nay nam tang may the mn,facility_query,room_resting,
cho hỏi vị trí resting room,facility_query,room_resting,
phong nghi trua danh cho sv nu o phong nao,facility_query,room_resting,
mình muốn hỏi xem phòng nghỉ ở đâu,facility_query,room_resting,
phong nghi sinh vien o khu a hay b,facility_query,room_resting,
phòng nghỉ có quạt ko,facility_query,room_resting,
phong nghi truong mjnh rat hien dai k,facility_query,room_resting,
phòng thư giãn cho sv hoạt động ko,facility_query,room_resting,
phong nghi cho ng ngoai vao k,facility_query,room_resting,
xin thông tin phòng nghỉ ngơi ạ,facility_query,room_resting,
phong nghi nay vo la ngu dc luon ha,facility_query,room_resting,
cho tui hỏi phòng nghỉ sinh viên nằm đâu,facility_query,room_resting,
phòng nghỉ nay có cho mang đồ ăn vặt k,facility_query,room_resting,
nhà vệ sinh gần nhất ở đâu,facility_query,room_toilet,
toilet truong o khu nao sach nhat,facility_query,room_toilet,
nhà vệ sinh nam ở tầng này ở đâu,facility_query,room_toilet,
wc o day co giay ve sinh k,facility_query,room_toilet,
tầng này có toilet không bạn,facility_query,room_toilet,
nha ve sinh co cua mui ko vay,facility_query,room_toilet,
cho hỏi wc nữ nằm phía bên nào,facility_query,room_toilet,
nha ve sinh nu phong may,facility_query,room_toilet,
mình muốn tìm nhà vệ sinh,facility_query,room_toilet,
wc nam nam o goc nao cua toa nay,facility_query,room_toilet,
nhà vệ sinh có gương lớn ko,facility_query,room_toilet,
toilet truong mjnh co thung rac ko,facility_query,room_toilet,
cho hỏi khu này có nhà vệ sinh ko,facility_query,room_toilet,
nha ve sinh sinh vien sach hong,facility_query,room_toilet,
nhà vệ sinh có nằm ở sảnh chính ko,facility_query,room_toilet,
wc gan day nhat la o toa nao,facility_query,room_toilet,
xin lỗi cho tớ hỏi nhà vệ sinh ở đâu,facility_query,room_toilet,
nha ve sinh o cuoi hanh lang ha ban,facility_query,room_toilet,
có ai biết toilet ở chỗ nào ko,facility_query,room_toilet,
wc nam o tang may vay b,facility_query,room_toilet,
nhà vệ sinh có phân buồng k,facility_query,room_toilet,
toilet o khu B co hu khong,facility_query,room_toilet,
hỏi vị trí của phòng vệ sinh,facility_query,room_toilet,
wc truong minh co may say tay k,facility_query,room_toilet,
tầng 1 có nhà vệ sinh nào không,facility_query,room_toilet,
nha ve sinh o truong co xa phong rua tay khum,facility_query,room_toilet,
nhà vệ sinh nam nữ có nằm chung 1 khu ko,facility_query,room_toilet,
wc nu o tang trệt nam dau,facility_query,room_toilet,
có bạn nào thấy nhà vệ sinh quanh đây k,facility_query,room_toilet,
nha ve sinh hom nay co tac nuoc k,facility_query,room_toilet,
toilet ở đằng trước hay đằng sau toà nhà,facility_query,room_toilet,
wc co sach se thoang mat khong,facility_query,room_toilet,
vị trí wc ở đâu vậy mn,facility_query,room_toilet,
nha ve sinh co hoat dong binh thuong ko,facility_query,room_toilet,
ở đây có nhà vệ sinh dành cho người khuyết tật k,facility_query,room_toilet,
toilet danh cho giang vien va sv giong nhau k,facility_query,room_toilet,
nhà vệ sinh tầng 3 có bị hư chốt cửa k,facility_query,room_toilet,
wc toa nay mo cua 24/24 ha,facility_query,room_toilet,
phòng vệ sinh ở đâu thế,facility_query,room_toilet,
nha ve sinh sinh vien ở đâu dị,facility_query,room_toilet,
kiếm wc ở khu trung tâm thì hỏi ai,facility_query,room_toilet,
wc o khu nay co the re vao tu huong nao,facility_query,room_toilet,
nhà vệ sinh trường đh ở vị trí nào,facility_query,room_toilet,
toilet o truong có đông gio ra choi k,facility_query,room_toilet,
bạn ơi nhà vệ sinh ở chỗ nào,facility_query,room_toilet,
wc co mui gi la k,facility_query,room_toilet,
tìm nhà vệ sinh gần khu ăn uống,facility_query,room_toilet,
nha ve sinh o day nam o vach nao,facility_query,room_toilet,
cho xin vị trí nhà vệ sinh với,facility_query,room_toilet,
toilet o cuoi day dung khong,facility_query,room_toilet,
sân vận động trường nằm ở đâu,facility_query,stadium,
san van dong rong bao nhieu met vuong,facility_query,stadium,
trường mình có sân vận động không,facility_query,stadium,
san bong da nam o khu nao cua svd,facility_query,stadium,
sân vận động mở cửa tự do khum,facility_query,stadium,
svd truong minh co cho muon bong k,facility_query,stadium,
có thể tập chạy ở sân vận động buổi tối ko,facility_query,stadium,
san van dong co den chieu sang vao ban toi ko,facility_query,stadium,
sân vận động có đường chạy điền kinh k,facility_query,stadium,
svd nay nam sau khu ky tuc xa phai khong,facility_query,stadium,
vị trí của sân vận động nằm hướng nào,facility_query,stadium,
san van dong co the chua bao nhieu ng,facility_query,stadium,
sân vận động trường có tổ chức hội thao ở đây ko,facility_query,stadium,
svd truong la san co nhan tao hay co that,facility_query,stadium,
sinh viên có dc tự ý vào sân vận động đá banh ko,facility_query,stadium,
san van dong co ban ve ngoai k,facility_query,stadium,
cho mình hỏi sân vận động nằm ở cơ sở mấy,facility_query,stadium,
svd nam gan nha the chat dung k,facility_query,stadium,
tình trạng sân vận động hiện tại thế nào,facility_query,stadium,
san van dong co mo vao chu nhat ko,facility_query,stadium,
đặt lịch sử dụng sân vận động với ai,facility_query,stadium,
svd co cho nao de do chua,facility_query,stadium,
sân vận động trường có chỗ đậu xe k,facility_query,stadium,
san van dong o phia tay truong m ah,facility_query,stadium,
giờ đóng cửa của sân vận động,facility_query,stadium,
svd truong m rong phet nhi,facility_query,stadium,
sân vận động có chia các khu vực chơi thể thao riêng ko,facility_query,stadium,
svd truong minh co khan dai k,facility_query,stadium,
chiều nay sân vận động có đang trống ko,facility_query,stadium,
san van dong de da bong pphai ko,facility_query,stadium,
muốn biết thông tin về sân vận động trường,facility_query,stadium,
svd truong chieu nay co su kien gi khum,facility_query,stadium,
sân vận động có mái che ở khán đài ko,facility_query,stadium,
san van dong nay xay tu bao h vay,facility_query,stadium,
đường lên sân vận động đi cửa nào,facility_query,stadium,
svd o truong co ho boi ko z,facility_query,stadium,
sân vận động mở từ sáng sớm ko,facility_query,stadium,
san van dong mien phi cho sv ak,facility_query,stadium,
xin địa điểm sân vận động của trường,facility_query,stadium,
svd nay la san 11 nguoi hay 7 nguoi,facility_query,stadium,
khoảng cách từ toà chính ra sân vận động bao xa,facility_query,stadium,
san van dong truong dai hoc nam vi tri nao,facility_query,stadium,
sân vận động có căng tin nhỏ k,facility_query,stadium,
svd cua truong cho sv vao tap the duc dc khong,facility_query,stadium,
sân vận động nằm ngay cổng phụ à,facility_query,stadium,
san van dong co wc k a,facility_query,stadium,
bạn ơi sân vận động ở đâu á,facility_query,stadium,
svd mo toi 9h toi luon ha,facility_query,stadium,
hỏi thăm chỗ sân vận động xíu,facility_query,stadium,
san van dong de to chuc the duc the thao o day ah,facility_query,stadium,
